상품ID,카테고리명,상품명,가격,Image URL
1064857,식탁,위드 세라믹 4인 식탁세트 1400(슬림의자4포함),689000,https://image.hanssem.com/hsimg/gds/1050/1064/1064857_A1.jpg?v=20250908100848
637676,식탁의자,아망 체어 (3종/택1),55900,https://image.hanssem.com/hsimg/gds/550/637/637676_A1.jpg?v=20250915132053
1121771,식탁의자,(아울렛) 포레 내추럴 벤치 의자 DIY,66000,https://image.hanssem.com/hsimg/gds/550/1121/1121771_A1.jpg?v=20250923125637
1010806,식탁,도노 내추럴 세라믹 6인 쉘베이지 상판 식탁세트(컴피 의자4 포함),957000,https://image.hanssem.com/hsimg/gds/1050/1010/1010806_A1.jpg?v=20250822181956
1063910,식탁의자,(아울렛) 어반 크롬의자(3종/택1),88000,https://image.hanssem.com/hsimg/gds/550/1063/1063910_A1.jpg?v=20250923125637
1010805,식탁,도노 내추럴 세라믹 4인 쉘베이지 상판 식탁세트(컴피 의자4 포함),907000,https://image.hanssem.com/hsimg/gds/1050/1010/1010805_A1.jpg?v=20250822181956
923656,식탁,미나 다용도트레이 라운드형,42000,https://image.hanssem.com/hsimg/gds/1050/923/923656_A1.jpg?v=20250205094903
865077,식탁,도노 세라믹 어반 4인 식탁(의자미포함),785000,https://image.hanssem.com/hsimg/gds/1050/865/865077_A1.jpg?v=20250626174744
1118298,식탁,리브업 6인 모션 테이블 1750,1030000,https://image.hanssem.com/hsimg/gds/1050/1118/1118298_A1.jpg?v=20250926151206
993130,식탁의자,유로602 오슬로 그레이 컴포트벤치 1600,490000,https://image.hanssem.com/hsimg/gds/1050/993/993130_A1.jpg?v=20250221094550
993128,식탁,유로 602 오슬로 6인 식탁 1800(의자 미포함),713000,https://image.hanssem.com/hsimg/gds/1050/993/993128_A1.jpg?v=20250806141945
948298,식탁,미나 스테인리스 사각 2인 800 식탁,505000,https://image.hanssem.com/hsimg/gds/1050/948/948298_A1.jpg?v=20250908100849
865076,식탁,도노 어반 세라믹 식탁세트 6인용(슬림의자4 포함),1223000,https://image.hanssem.com/hsimg/gds/1050/865/865076_A1.jpg?v=20250627095421
1057905,식탁,우디 필로티 화이트식탁 6인 1700(의자 미포함),418000,https://image.hanssem.com/hsimg/gds/1050/1057/1057905_A1.jpg?v=20250908100851
1114005,식탁,라모 스틸 4인 세라믹 둥근사각형식탁 1350 (의자미포함),815000,https://image.hanssem.com/hsimg/gds/1050/1114/1114005_A1.jpg?v=20250808112655
819876,식탁의자,포레 컴포트 코너 벤치의자,355000,https://image.hanssem.com/hsimg/gds/1050/819/819876_A1.jpg?v=20250908100849
923649,식탁,미나 스틸 사각 4인 1400 식탁,279000,https://image.hanssem.com/hsimg/gds/1050/923/923649_A1.jpg?v=20250908100849
788931,식탁,도노 세라믹 식탁세트 스칸디 4인용(의자4 포함),907000,https://image.hanssem.com/hsimg/gds/1050/788/788931_A1.jpg?v=20250908100847
1038785,식탁,라모 스틸 세라믹 4인 둥근사각식탁세트 (어반의자4 포함),1335000,https://image.hanssem.com/hsimg/gds/1050/1038/1038785_A1.jpg?v=20250808095949
1024476,식탁,"투티 6인 낮은 식탁세트(스틸의자2, 2인의자1 포함)",783000,https://image.hanssem.com/hsimg/gds/1050/1024/1024476_A1.jpg?v=20250917141038
891273,식탁,"[특가~9/29](new시즌컬러)  포레 컴포트 6인 라운지세트 (벤치1, 코너벤치1, PP의자2 포함)",1118000,https://image.hanssem.com/hsimg/gds/1050/891/891273_A1.jpg?v=20250908100849
1053453,식탁의자,(아울렛) 라모 스틸 식탁의자 (2종/택1),87000,https://image.hanssem.com/hsimg/gds/550/1053/1053453_A1.jpg?v=20250923125637
1038782,식탁,라모 스틸 세라믹 4인 둥근사각식탁세트 (미나의자4 포함),1391000,https://image.hanssem.com/hsimg/gds/1050/1038/1038782_A1.jpg?v=20250808095949
943972,식탁,미나 내추럴 사각 2인 800 식탁,209000,https://image.hanssem.com/hsimg/gds/1050/943/943972_A1.jpg?v=20250908100849
1024467,식탁의자,투티 스틸 벤치형 의자(2종/택1),110000,https://image.hanssem.com/hsimg/gds/1050/1024/1024467_A1.jpg?v=20250917142011
993561,식탁의자,유로 603 일리스 스퀘어 식탁 의자,217000,https://image.hanssem.com/hsimg/gds/1050/993/993561_A1.jpg?v=20250221095439
630871,식탁의자,[55딜]모도 높이조절 바체어(3종/택1),55000,https://image.hanssem.com/hsimg/gds/550/630/630871_A1.jpg?v=20250915132053
993169,식탁의자,유로503 디아고 이노레더 식탁의자,104000,https://image.hanssem.com/hsimg/gds/1050/993/993169_A1.jpg?v=20240805154106
993748,식탁,바흐 802 리니아 세라믹 식탁 2000,2244000,https://image.hanssem.com/hsimg/gds/1050/993/993748_A1.jpg?v=20250623132447
993758,식탁의자,유로604 로쉬 오트밀 식탁의자,121000,https://image.hanssem.com/hsimg/gds/1050/993/993758_A1.jpg?v=20250221105511
1054798,식탁,"도노 내추럴 세라믹 와이드4인 타원식탁세트 (컴피의자2, 벤치1 포함)",867000,https://image.hanssem.com/hsimg/gds/1050/1054/1054798_A1.jpg?v=20250908100847
923651,식탁,미나 스틸 타원형 6인 1600 식탁,299000,https://image.hanssem.com/hsimg/gds/1050/923/923651_A1.jpg?v=20250908100849
993127,식탁,유로 602 오슬로 4인 식탁 1400 (의자 미포함),636000,https://image.hanssem.com/hsimg/gds/1050/993/993127_A1.jpg?v=20250221094208
1038774,식탁,라모 스틸 4인 세라믹 타원형식탁 1500 (의자미포함),815000,https://image.hanssem.com/hsimg/gds/1050/1038/1038774_A1.jpg?v=20250808095949
943982,식탁의자,미나 라운드 식탁의자(5종/택1),109000,https://image.hanssem.com/hsimg/gds/1050/943/943982_A1.jpg?v=20250908100852
374626,식탁의자,포레 내추럴 벤치 의자 DIY,89000,https://image.hanssem.com/hsimg/gds/1050/374/374626_A1.jpg?v=20250908100851
943975,식탁,미나 내추럴 사각 4인 1200 식탁,275000,https://image.hanssem.com/hsimg/gds/1050/943/943975_A1.jpg?v=20250908100849
1054786,식탁,도노 내추럴 세라믹 와이드4인 식탁세트 (스칸디의자4 포함),937000,https://image.hanssem.com/hsimg/gds/1050/1054/1054786_A1.jpg?v=20250908100847
1057916,식탁,우디 필로티 화이트 식탁세트 6인 1700(어반의자4 포함),1314000,https://image.hanssem.com/hsimg/gds/1050/1057/1057916_A1.jpg?v=20240927105750
447761,식탁의자,시오 체어 1+1 (4종/택1),49900,https://image.hanssem.com/hsimg/gds/550/447/447761_A1.jpg?v=20250915132052
1050991,식탁,"도노 어반 리빙다이닝 6인 라운지세트 (180벤치, 코너벤치 포함)",2409000,https://image.hanssem.com/hsimg/gds/1050/1050/1050991_A1.jpg?v=20250627094835
1057913,식탁,우디 필로티 화이트 식탁세트 4인 1400(우디의자4 포함),764000,https://image.hanssem.com/hsimg/gds/1050/1057/1057913_A1.jpg?v=20250908100851
634099,식탁의자,1+1 허드 가죽 체어(3종/택1),85900,https://image.hanssem.com/hsimg/gds/550/634/634099_A1.jpg?v=20250915132052
1062634,식탁의자,(아울렛) 우디 식탁의자(2종/택1),86000,https://image.hanssem.com/hsimg/gds/550/1062/1062634_A1.jpg?v=20250923125637
993750,식탁의자,바흐802 리니아 슬림 식탁의자,258000,https://image.hanssem.com/hsimg/gds/1050/993/993750_A1.jpg?v=20250221100815
1054791,식탁,"도노 내추럴 세라믹 와이드4인 식탁세트  (컴피의자2, 벤치1 포함)",867000,https://image.hanssem.com/hsimg/gds/1050/1054/1054791_A1.jpg?v=20250908100847
883381,주방수납장,모디 주방수납 카페장 100cm 가전형 (6종 택1),428120,https://image.hanssem.com/hsimg/gds/1050/883/883381_A1.jpg?v=20250908100852
993755,식탁의자,유로 604 로쉬 오트밀 라운지벤치1700,836000,https://image.hanssem.com/hsimg/gds/1050/993/993755_A1.jpg?v=20250221102207
923655,식탁,미나 다용도트레이 와이드형,48000,https://image.hanssem.com/hsimg/gds/1050/923/923655_A1.jpg?v=20250205094903
1118339,식탁,"리브업 세라믹 모션 리빙다이닝 와이드4인 라운지세트(180벤치, 90벤치, 코너벤치 포함)",2960000,https://image.hanssem.com/hsimg/gds/1050/1118/1118339_A1.jpg?v=20250926151207
909842,식탁,도노 새틴글래스 엣지 4인 식탁 세트 (위드의자4 포함),769000,https://image.hanssem.com/hsimg/gds/1050/909/909842_A1.jpg?v=20250908100848
1024475,식탁,"투티 6인 낮은 식탁세트(스틸의자2, 벤치1 포함)",698000,https://image.hanssem.com/hsimg/gds/1050/1024/1024475_A1.jpg?v=20250917141154
948303,식탁,미나 스테인리스 반타원 4인 1400 식탁,565000,https://image.hanssem.com/hsimg/gds/1050/948/948303_A1.jpg?v=20250908100849
823609,식탁,"[특가~9/29]포레 컴포트 6인 라운지세트 (벤치1, 코너벤치1, PP의자2 포함)",1118000,https://image.hanssem.com/hsimg/gds/1050/823/823609_A1.jpg?v=20250911100014
1117451,식탁의자,1+1 허드 패브릭 체어(2종/택1),189000,https://image.hanssem.com/hsimg/gds/1050/1117/1117451_A1.jpg?v=20250911102913
1064859,식탁,위드 세라믹  6인 식탁세트 1750(슬림의자4포함),749000,https://image.hanssem.com/hsimg/gds/1050/1064/1064859_A1.jpg?v=20250911100014
1061354,식탁의자,(아울렛) 포레 컴포트 원목 식탁의자(2개입),146000,https://image.hanssem.com/hsimg/gds/550/1061/1061354_A1.jpg?v=20250923125637
865073,식탁,도노 어반 세라믹 식탁세트 4인용(슬림의자4 포함),1129000,https://image.hanssem.com/hsimg/gds/1050/865/865073_A1.jpg?v=20250626174450
823611,식탁,포레 컴포트 6인 식탁세트 (PP의자4 포함),499000,https://image.hanssem.com/hsimg/gds/1050/823/823611_A1.jpg?v=20250908100848
1038781,식탁,라모 스틸 세라믹 4인 타원식탁세트 (미나의자4 포함),1371000,https://image.hanssem.com/hsimg/gds/1050/1038/1038781_A1.jpg?v=20250808095949
819875,식탁의자,포레 컴포트 1650 벤치의자,410000,https://image.hanssem.com/hsimg/gds/1050/819/819875_A1.jpg?v=20250908100849
943978,식탁,미나 내추럴 타원형 6인 1600 식탁,319000,https://image.hanssem.com/hsimg/gds/1050/943/943978_A1.jpg?v=20250908100849
993131,식탁의자,유로602 오슬로 그레이 컴포트벤치 코너형1400,563000,https://image.hanssem.com/hsimg/gds/1050/993/993131_A1.jpg?v=20250806142247
1024466,식탁의자,투티 스틸 2인 식탁의자(2종/택1),195000,https://image.hanssem.com/hsimg/gds/1050/1024/1024466_A1.jpg?v=20250917142127
967126,식탁의자,[특가~9/29]모던스퀘어 높이조절 바체어 화이트/브라운,45900,https://image.hanssem.com/hsimg/gds/550/967/967126_A1.jpg?v=20250915132053
1001674,식탁,"도노 내추럴 세라믹 4인 식탁세트(컴피 의자2, 벤치1 포함)",837000,https://image.hanssem.com/hsimg/gds/1050/1001/1001674_A1.jpg?v=20250908100847
819867,식탁,"포레 컴포트 4인 라운지세트 (벤치1, 코너벤치1, 원목의자2 포함)",1094000,https://image.hanssem.com/hsimg/gds/1050/819/819867_A1.jpg?v=20250908100848
1024473,식탁,"투티 4인 낮은 식탁세트(스틸의자2, 2인의자1 포함)",733000,https://image.hanssem.com/hsimg/gds/1050/1024/1024473_A1.jpg?v=20250917141332
993172,식탁,유로 503 디아고 세라믹 와이드 4인 스틸식탁 1600(의자 미포함),902000,https://image.hanssem.com/hsimg/gds/1050/993/993172_A1.jpg?v=20250901142843
1118306,식탁의자,리브업 720 코너 벤치의자,470000,https://image.hanssem.com/hsimg/gds/1050/1118/1118306_A1.jpg?v=20250926151206
928597,주방수납장,라임 주방수납 가전수납장 80cm (4종 택1),485160,https://image.hanssem.com/hsimg/gds/1050/928/928597_A1.jpg?v=20250908100852
1053440,식탁의자,(아울렛) 유로 602 오슬로 암체어,69000,https://image.hanssem.com/hsimg/gds/550/1053/1053440_A1.jpg?v=20250923125637
1054797,식탁,"도노 내추럴 세라믹 와이드4인 타원식탁세트 (스칸디의자2, 벤치1 포함)",867000,https://image.hanssem.com/hsimg/gds/1050/1054/1054797_A1.jpg?v=20250908100847
1118304,식탁의자,리브업 1800 벤치의자,830000,https://image.hanssem.com/hsimg/gds/1050/1118/1118304_A1.jpg?v=20250926151206
948300,식탁,미나 스테인리스 반타원 2인 1000 식탁,525000,https://image.hanssem.com/hsimg/gds/1050/948/948300_A1.jpg?v=20250908100849
392156,식탁,베리 라이트 아일랜드식탁 테이블형(2종/택1),508000,https://image.hanssem.com/hsimg/gds/1050/392/392156_A1.jpg?v=20250911100014
909640,식탁,도노 엣지 세라믹 식탁세트 와이드4인용(위드의자4 포함),920000,https://image.hanssem.com/hsimg/gds/1050/909/909640_A1.jpg?v=20250908100848
1054778,식탁,도노 내추럴 세라믹 와이드4인 식탁 (의자미포함),539000,https://image.hanssem.com/hsimg/gds/1050/1054/1054778_A1.jpg?v=20250908100847
943983,식탁의자,미나 스툴의자(4종/택1),55000,https://image.hanssem.com/hsimg/gds/1050/943/943983_A1.jpg?v=20250908100852
993132,식탁의자,유로602 오슬로 식탁의자,115000,https://image.hanssem.com/hsimg/gds/1050/993/993132_A1.jpg?v=20250918141346
993717,식탁,유로603 일리스 세라믹 식탁 2000,1509000,https://image.hanssem.com/hsimg/gds/1050/993/993717_A1.jpg?v=20250901142843
1054779,식탁,도노 내추럴 세라믹 와이드4인 타원식탁 (의자미포함),539000,https://image.hanssem.com/hsimg/gds/1050/1054/1054779_A1.jpg?v=20250908100847
992750,식탁,4인 식탁 유리상판 1400,75000,https://image.hanssem.com/hsimg/gds/1050/992/992750_A1.jpg?v=20240805145608
1082448,식탁,볼릭 세라믹 6인 식탁 1750(의자 미포함),1208000,https://image.hanssem.com/hsimg/gds/1050/1082/1082448_A1.jpg?v=20250808095949
1057917,식탁의자,우디 식탁의자(2종/택1),95000,https://image.hanssem.com/hsimg/gds/1050/1057/1057917_A1.jpg?v=20250908100850
993754,식탁,유로 604 로쉬 식탁 1800,860000,https://image.hanssem.com/hsimg/gds/1050/993/993754_A1.jpg?v=20250221102122
992755,식탁,유로 503 디아고 4인 세라믹 원목식탁 1350  (의자 미포함),850000,https://image.hanssem.com/hsimg/gds/1050/992/992755_A1.jpg?v=20250901142843
819874,식탁의자,포레 컴포트 1100 벤치의자,315000,https://image.hanssem.com/hsimg/gds/1050/819/819874_A1.jpg?v=20250908100849
993671,식탁,밀란401 아티산 원목 식탁 1400 4인 식탁,558000,https://image.hanssem.com/hsimg/gds/1050/993/993671_A1.jpg?v=20250806142157
1038786,식탁,라모 스틸 세라믹 6인 식탁세트 (어반의자6 포함),1625000,https://image.hanssem.com/hsimg/gds/1050/1038/1038786_A1.jpg?v=20250808084916
1057914,식탁,우디 필로티 화이트 식탁세트 4인 1400(어반의자4 포함),1264000,https://image.hanssem.com/hsimg/gds/1050/1057/1057914_A1.jpg?v=20240927105750
993718,식탁의자,유로603 일리스 내추럴 스퀘어 식탁의자,217000,https://image.hanssem.com/hsimg/gds/1050/993/993718_A1.jpg?v=20250221132008
928607,주방수납장,라임 주방수납 렌지대 식탁 60cm (2종 택1) (의자 미포함),495200,https://image.hanssem.com/hsimg/gds/1050/928/928607_A1.jpg?v=20250908100852
992329,식탁의자,로하 6인 식탁벤치의자,151000,https://image.hanssem.com/hsimg/gds/1050/992/992329_A1.jpg?v=20240805144044
14651,주방수납장,코모 렌지대 화이트,195000,https://image.hanssem.com/hsimg/gds/1050/14/14651_A1.jpg?v=20250911100014
1057911,식탁,우디 필로티 원목 식탁세트 6인 1700(우디의자4 포함),914000,https://image.hanssem.com/hsimg/gds/1050/1057/1057911_A1.jpg?v=20250908100851
1061832,식탁의자,라모 원목 라운드 식탁의자 (2종/택1),210000,https://image.hanssem.com/hsimg/gds/1050/1061/1061832_A1.jpg?v=20240710084246
909641,식탁,도노 엣지 세라믹 식탁세트 6인용 (위드의자4 포함),959000,https://image.hanssem.com/hsimg/gds/1050/909/909641_A1.jpg?v=20250908100848
883383,주방수납장,모디 주방수납 하부장 100cm 가전형,349000,https://image.hanssem.com/hsimg/gds/1050/883/883383_A1.jpg?v=20250908100852
909639,식탁,도노 엣지 세라믹 식탁세트 4인용(위드의자4 포함),860000,https://image.hanssem.com/hsimg/gds/1050/909/909639_A1.jpg?v=20250908100848
1040861,식탁,"투티 4인 낮은 식탁세트 (스틸 2인의자1, 벤치1 포함)",623000,https://image.hanssem.com/hsimg/gds/1050/1040/1040861_A1.jpg?v=20250917140307
865080,식탁의자,"도노 슬림 식탁의자(2개입,2종/택1)",135000,https://image.hanssem.com/hsimg/gds/1050/865/865080_A1.jpg?v=20250911100014
1057918,식탁의자,어반 크롬의자(3종/택1),150000,https://image.hanssem.com/hsimg/gds/1050/1057/1057918_A1.jpg?v=20240424193559
923646,식탁,미나 스틸 원형 4인 1000 식탁,229000,https://image.hanssem.com/hsimg/gds/1050/923/923646_A1.jpg?v=20250908100849
1001676,식탁,"도노 내추럴 세라믹 6인 식탁세트(컴피 의자2, 벤치1 포함)",887000,https://image.hanssem.com/hsimg/gds/1050/1001/1001676_A1.jpg?v=20250908100847
613225,주방수납장,키친온 렌지대 테이블형 높은장 (2종/택1),569000,https://image.hanssem.com/hsimg/gds/1050/613/613225_A1.jpg?v=20250908100853
617343,식탁,포레 원목 4인식탁(의자 미포함) DIY,135000,https://image.hanssem.com/hsimg/gds/1050/617/617343_A1.jpg?v=20250908100851
1032624,식탁의자,투티 내추럴 벤치형 의자,110000,https://image.hanssem.com/hsimg/gds/1050/1032/1032624_A1.jpg?v=20250917140912
923652,식탁,미나 스틸 타원형 6인 1800 식탁,329000,https://image.hanssem.com/hsimg/gds/1050/923/923652_A1.jpg?v=20250908100849
1053442,식탁의자,(아울렛) 도노 어반 식탁의자(4종/택1),61000,https://image.hanssem.com/hsimg/gds/550/1053/1053442_A1.jpg?v=20250923125637
1050984,식탁의자,도노 어반 코너 벤치의자,725000,https://image.hanssem.com/hsimg/gds/1050/1050/1050984_A1.jpg?v=20240627093320
1053450,식탁의자,(아울렛) 유로 604 로쉬 오트밀  식탁의자,76000,https://image.hanssem.com/hsimg/gds/550/1053/1053450_A1.jpg?v=20250923125637
1118343,식탁,리브업 세라믹 모션 리빙다이닝 와이드4인 베이직세트(180벤치 포함),2110000,https://image.hanssem.com/hsimg/gds/1050/1118/1118343_A1.jpg?v=20250926151207
1023568,식탁의자,라탄체어/스툴,16900,https://image.hanssem.com/hsimg/gds/550/1023/1023568_A1.jpg?v=20250915132052
1050982,식탁의자,도노 어반 1300 벤치의자,685000,https://image.hanssem.com/hsimg/gds/1050/1050/1050982_A1.jpg?v=20240814144135
993749,식탁,바흐 802 리니아 세라믹 식탁 2000 와이드,2885000,https://image.hanssem.com/hsimg/gds/1050/993/993749_A1.jpg?v=20250926160401
993716,식탁,유로 603 일리스 세라믹 식탁  1600,1200000,https://image.hanssem.com/hsimg/gds/1050/993/993716_A1.jpg?v=20250901142843
943974,식탁,미나 내추럴 반타원 2인 1000 식탁,219000,https://image.hanssem.com/hsimg/gds/1050/943/943974_A1.jpg?v=20250908100849
1117450,식탁의자,허드 패브릭 체어(2종/택1),99000,https://image.hanssem.com/hsimg/gds/1050/1117/1117450_A1.jpg?v=20250911102913
1040862,식탁,"투티 6인 낮은 식탁세트 (스틸 2인의자1, 벤치1 포함)",673000,https://image.hanssem.com/hsimg/gds/1050/1040/1040862_A1.jpg?v=20250908100850
1053436,식탁의자,(아울렛) 밀란 302 메이 식탁의자 라운드,76000,https://image.hanssem.com/hsimg/gds/550/1053/1053436_A1.jpg?v=20250923125634
1057904,식탁,우디 필로티 화이트식탁 4인 1400(의자 미포함),408000,https://image.hanssem.com/hsimg/gds/1050/1057/1057904_A1.jpg?v=20250908100851
1064851,식탁,위드 세라믹 4인 식탁 1400(의자미포함),419000,https://image.hanssem.com/hsimg/gds/1050/1064/1064851_A1.jpg?v=20250908100848
992756,식탁,유로 503 디아고 6인 세라믹 원목식탁 1800 (의자 미포함),1085000,https://image.hanssem.com/hsimg/gds/1050/992/992756_A1.jpg?v=20250212155903
954677,주방수납장,라임 주방수납 가전수납장 80cm (와인잔걸이 포함) (2종 택1),512460,https://image.hanssem.com/hsimg/gds/1050/954/954677_A1.jpg?v=20250908100853
993759,식탁의자,유로604 로쉬 오트밀 식탁의자 기능형,142000,https://image.hanssem.com/hsimg/gds/1050/993/993759_A1.jpg?v=20250221111247
909234,식탁,도노 엣지 세라믹 식탁 와이드4인용(의자미포함),650000,https://image.hanssem.com/hsimg/gds/550/909/909234_A1.jpg?v=20250908100847
788936,식탁,"도노 세라믹 식탁세트 스칸디 6인용(의자2,벤치1 포함)",887000,https://image.hanssem.com/hsimg/gds/1050/788/788936_A1.jpg?v=20250908100847
891274,"식탁, 식탁의자",(new 시즌컬러)  포레 컴포트 2인 소파벤치세트 (식탁미포함),670000,https://image.hanssem.com/hsimg/gds/1050/891/891274_A1.jpg?v=20250908100849
948305,식탁,미나 스테인리스 분절사각 6인 1600 식탁,625000,https://image.hanssem.com/hsimg/gds/1050/948/948305_A1.jpg?v=20250908100849
655428,식탁,"포레 원목 6인 식탁세트(의자4 포함), DIY",475000,https://image.hanssem.com/hsimg/gds/1050/655/655428_A1.jpg?v=20250908100851
923653,식탁,미나 스틸 분절사각 6인 1600 식탁,329000,https://image.hanssem.com/hsimg/gds/1050/923/923653_A1.jpg?v=20250908100849
1118302,식탁,리브업 세라믹 6인 모션 테이블 1750,1350000,https://image.hanssem.com/hsimg/gds/1050/1118/1118302_A1.jpg?v=20250926151206
655427,식탁,"포레 원목 4인 식탁 벤치세트(벤치1,의자2 포함), DIY",369000,https://image.hanssem.com/hsimg/gds/1050/655/655427_A1.jpg?v=20250908100851
993560,식탁,유로 603 일리스 브라운 식탁 2000,1194000,https://image.hanssem.com/hsimg/gds/1050/993/993560_A1.jpg?v=20250221095127
891272,식탁,"(new시즌컬러)  포레 컴포트 6인 베이직세트 (벤치1, PP의자2 포함)",804000,https://image.hanssem.com/hsimg/gds/1050/891/891272_A1.jpg?v=20250908100848
943981,식탁,미나 내추럴 분절사각 6인 1800 식탁,379000,https://image.hanssem.com/hsimg/gds/1050/943/943981_A1.jpg?v=20250908100849
655429,식탁의자,미뉴엣 원목 식탁의자(2개입),145000,https://image.hanssem.com/hsimg/gds/1050/655/655429_A1.jpg?v=20250908100852
943980,식탁,미나 내추럴 타원형 6인 1800 식탁,349000,https://image.hanssem.com/hsimg/gds/1050/943/943980_A1.jpg?v=20250908100849
502261,식탁의자,[특가~9/29]허드 가죽 바체어 (2종/택1),55000,https://image.hanssem.com/hsimg/gds/550/502/502261_A1.jpg?v=20250915132053
1053441,식탁의자,"(아울렛) 도노 슬림 식탁의자(2개입,2종/택1)",115000,https://image.hanssem.com/hsimg/gds/550/1053/1053441_A1.jpg?v=20250923125637
1038784,식탁,라모 스틸 세라믹 4인 타원식탁세트 (어반의자4 포함),1315000,https://image.hanssem.com/hsimg/gds/1050/1038/1038784_A1.jpg?v=20250808095949
705829,식탁의자,도노 내추럴 벤치형 의자,129000,https://image.hanssem.com/hsimg/gds/1050/705/705829_A1.jpg?v=20250908100851
943977,식탁,미나 내추럴 반타원 4인 1400 식탁,305000,https://image.hanssem.com/hsimg/gds/1050/943/943977_A1.jpg?v=20250908100849
767303,주방수납장,재크플러스 철제 4단 다용도랙 800 (2종/택1),49900,https://image.hanssem.com/hsimg/gds/550/767/767303_A1.jpg?v=20250915132052
634370,식탁의자,[특가~9/29]1+1 모도 높이조절 유압식 바체어 (3종/택1),99000,https://image.hanssem.com/hsimg/gds/550/634/634370_A1.jpg?v=20250915132053
1064852,식탁,위드 세라믹 와이드4인 식탁 1600(의자미포함),449000,https://image.hanssem.com/hsimg/gds/1050/1064/1064852_A1.jpg?v=20250908100848
613221,주방수납장,키친온 아일랜드 식탁 높이74cm (2종/택1),395000,https://image.hanssem.com/hsimg/gds/1050/613/613221_A1.jpg?v=20250908100853
617344,식탁,포레 원목 2인식탁(의자 미포함) DIY,113000,https://image.hanssem.com/hsimg/gds/1050/617/617344_A1.jpg?v=20250908100851
819869,식탁,포레 컴포트 4인 식탁세트 (원목의자4 포함),589000,https://image.hanssem.com/hsimg/gds/1050/819/819869_A1.jpg?v=20250908100848
923650,식탁,미나 스틸 반타원 4인 1400 식탁,279000,https://image.hanssem.com/hsimg/gds/1050/923/923650_A1.jpg?v=20250908100849
891265,식탁,"(new시즌컬러)  포레 컴포트 4인 라운지세트 (벤치1, 코너벤치1, 원목의자2포함)",1094000,https://image.hanssem.com/hsimg/gds/1050/891/891265_A1.jpg?v=20250908100848
655425,식탁,"포레 원목 2인 식탁세트(의자2 포함), DIY",258000,https://image.hanssem.com/hsimg/gds/1050/655/655425_A1.jpg?v=20250911100014
1118300,식탁,리브업 세라믹 와이드 4인 모션 테이블 1600,1280000,https://image.hanssem.com/hsimg/gds/1050/1118/1118300_A1.jpg?v=20250926151206
613224,주방수납장,키친온 렌지대 테이블형 낮은장 (2종/택1),465000,https://image.hanssem.com/hsimg/gds/1050/613/613224_A1.jpg?v=20250908100853
943973,식탁,미나 내추럴 원형 4인 1000 식탁,219000,https://image.hanssem.com/hsimg/gds/1050/943/943973_A1.jpg?v=20250908100849
883382,주방수납장,모디 주방수납 카페장 100cm 수납형 12종 택1,426580,https://image.hanssem.com/hsimg/gds/1050/883/883382_A1.jpg?v=20250908100852
923645,식탁,미나 스틸 사각 2인 800 식탁,219000,https://image.hanssem.com/hsimg/gds/1050/923/923645_A1.jpg?v=20250911100014
705827,식탁,도노 세라믹 4인 식탁(의자미포함),509000,https://image.hanssem.com/hsimg/gds/1050/705/705827_A1.jpg?v=20250908100847
662535,식탁의자,1+1 아망 체어(3종 택1),109000,https://image.hanssem.com/hsimg/gds/550/662/662535_A1.jpg?v=20250915132052
823612,식탁,"포레 컴포트 4인 라운지세트 (벤치1, 코너벤치1, PP의자2 포함)",1034000,https://image.hanssem.com/hsimg/gds/1050/823/823612_A1.jpg?v=20250911100014
993171,식탁,유로 503 디아고 세라믹 4인 스틸식탁 1350(의자 미포함),849000,https://image.hanssem.com/hsimg/gds/1050/993/993171_A1.jpg?v=20250901142843
948306,식탁,미나 스테인리스 타원형 6인 1800 식탁,615000,https://image.hanssem.com/hsimg/gds/1050/948/948306_A1.jpg?v=20250908100849
909706,식탁,도노 새틴글래스 엣지 4인 식탁(의자미포함),499000,https://image.hanssem.com/hsimg/gds/550/909/909706_A1.jpg?v=20250908100848
948307,식탁,미나 스테인리스 분절사각 6인 1800 식탁,645000,https://image.hanssem.com/hsimg/gds/1050/948/948307_A1.jpg?v=20250908100849
1057900,식탁,우디 슬릿 6인 2000식탁(의자 미포함),1160000,https://image.hanssem.com/hsimg/gds/1050/1057/1057900_A1.jpg?v=20240424190648
1054788,식탁,도노 내추럴 세라믹 와이드4인 식탁세트 (컴피의자4 포함),937000,https://image.hanssem.com/hsimg/gds/1050/1054/1054788_A1.jpg?v=20250911100014
819873,식탁의자,포레 컴포트 3인 소파벤치세트 (식탁미포함),765000,https://image.hanssem.com/hsimg/gds/1050/819/819873_A1.jpg?v=20250908100849
948304,식탁,미나 스테인리스 타원형 6인 1600 식탁,595000,https://image.hanssem.com/hsimg/gds/1050/948/948304_A1.jpg?v=20250908100849
1024468,식탁의자,투티 스툴의자(2종/택1),69000,https://image.hanssem.com/hsimg/gds/1050/1024/1024468_A1.jpg?v=20250917141811
1103568,식탁의자,라이트 체어 패드형 2P (2종/택1),89900,https://image.hanssem.com/hsimg/gds/1050/1103/1103568_A1.jpg?v=20250915132054
993746,식탁,바흐 802 리니아 세라믹 식탁 1600,1961000,https://image.hanssem.com/hsimg/gds/1050/993/993746_A1.jpg?v=20250623132447
948301,식탁,미나 스테인리스 사각 4인 1200 식탁,550000,https://image.hanssem.com/hsimg/gds/1050/948/948301_A1.jpg?v=20250908100849
1001675,식탁,도노 내추럴 세라믹 6인 식탁세트(컴피 의자4 포함),957000,https://image.hanssem.com/hsimg/gds/1050/1001/1001675_A1.jpg?v=20250908100847
993476,식탁의자,밴드식탁의자,115000,https://image.hanssem.com/hsimg/gds/1050/993/993476_A1.jpg?v=20250314101350
993553,식탁,바흐 801 월넛 라이브엣지 식탁1600,2073000,https://image.hanssem.com/hsimg/gds/1050/993/993553_A1.jpg?v=20240823111252
819868,식탁,"포레 컴포트 4인 베이직세트 (벤치1, 원목의자2 포함)",739000,https://image.hanssem.com/hsimg/gds/1050/819/819868_A1.jpg?v=20250908100848
865078,식탁,도노 세라믹 어반 와이드4인 식탁(의자미포함),828000,https://image.hanssem.com/hsimg/gds/1050/865/865078_A1.jpg?v=20250627093613
891275,"식탁, 식탁의자",(new 시즌컬러)  포레 컴포트 3인 소파벤치세트 (식탁미포함),765000,https://image.hanssem.com/hsimg/gds/1050/891/891275_A1.jpg?v=20250908100849
1050986,식탁,"도노 어반 리빙다이닝 4인 라운지세트 (130벤치, 코너벤치 포함)",2195000,https://image.hanssem.com/hsimg/gds/1050/1050/1050986_A1.jpg?v=20250626173459
185742,식탁,머그 아일랜드 식탁(의자 미포함),229000,https://image.hanssem.com/hsimg/gds/1050/185/185742_A1.jpg?v=20250908100853
823613,식탁,"[특가~9/29]포레 컴포트 4인 베이직세트 (벤치1, PP의자2 포함)",648000,https://image.hanssem.com/hsimg/gds/1050/823/823613_A1.jpg?v=20250908100848
992309,식탁의자,위든 벤치의자,119000,https://image.hanssem.com/hsimg/gds/1050/992/992309_A1.jpg?v=20250908100853
1050985,식탁,도노 어반 리빙다이닝 4인 베이직세트 (130벤치 포함),1470000,https://image.hanssem.com/hsimg/gds/1050/1050/1050985_A1.jpg?v=20250626172558
1084735,식탁,[특가~9/29]위드 세라믹 4인 식탁세트 1400 (위드라운드의자4포함),787000,https://image.hanssem.com/hsimg/gds/1050/1084/1084735_A1.jpg?v=20250908100848
1064855,식탁,위드 세라믹 와이드4인 식탁세트 1600(위드의자4포함),719000,https://image.hanssem.com/hsimg/gds/1050/1064/1064855_A1.jpg?v=20250911100014
487623,식탁의자,위드 식탁의자 2개입(4종/택1),135000,https://image.hanssem.com/hsimg/gds/1050/487/487623_A1.jpg?v=20250908100852
613226,주방수납장,키친온 리빙수납장 수납형 낮은장 (2종/택1),409000,https://image.hanssem.com/hsimg/gds/1050/613/613226_A1.jpg?v=20250908100853
993757,식탁의자,유로 604 로쉬 오트밀 라운지벤치  1200,631000,https://image.hanssem.com/hsimg/gds/1050/993/993757_A1.jpg?v=20250221102452
1061909,식탁,바흐 701 인칸토 4인 세라믹 식탁 1600 고급형 (의자 미포함),1649000,https://image.hanssem.com/hsimg/gds/1050/1061/1061909_A1.jpg?v=20250901142843
634100,식탁의자,[특가~9/29]1+1 허드 가죽 바체어(2종/택1),109000,https://image.hanssem.com/hsimg/gds/550/634/634100_A1.jpg?v=20250915132053
1050989,식탁,도노 어반 리빙다이닝 6인 베이직세트 (180벤치 포함),1684000,https://image.hanssem.com/hsimg/gds/1050/1050/1050989_A1.jpg?v=20250627094319
1117454,식탁의자,ABS 미니스툴(2종/택1),49900,https://image.hanssem.com/hsimg/gds/1050/1117/1117454_A1.jpg?v=20250919092749
1118342,식탁,리브업 모션 리빙다이닝 6인 베이직세트(180벤치 포함),1860000,https://image.hanssem.com/hsimg/gds/1050/1118/1118342_A1.jpg?v=20250926151207
1057903,식탁,우디 필로티 원목식탁 6인 1700(의자 미포함),558000,https://image.hanssem.com/hsimg/gds/1050/1057/1057903_A1.jpg?v=20250908100851
385684,식탁의자,로하 원목 6인 와이드 벤치의자 DIY,109000,https://image.hanssem.com/hsimg/gds/1050/385/385684_A1.jpg?v=20250908100851
865074,식탁,도노 어반 세라믹 식탁세트 와이드4인용(슬림의자4 포함),1172000,https://image.hanssem.com/hsimg/gds/1050/865/865074_A1.jpg?v=20250627093149
1014155,식탁의자,도노 어반 식탁의자 베이지 2개입,250000,https://image.hanssem.com/hsimg/gds/550/1014/1014155_A1.jpg?v=20241011155519
992730,식탁의자,밀란 302 메이 식탁벤치의자 970,163000,https://image.hanssem.com/hsimg/gds/1050/992/992730_A1.jpg?v=20240805145419
928602,주방수납장,라임 주방수납 카페장 80cm (2종 택1),365040,https://image.hanssem.com/hsimg/gds/1050/928/928602_A1.jpg?v=20250908100852
655426,식탁,"포레 원목 4인 식탁세트(의자4 포함), DIY",425000,https://image.hanssem.com/hsimg/gds/1050/655/655426_A1.jpg?v=20250908100851
788935,식탁,도노 세라믹 식탁세트 스칸디 6인용(의자4 포함),957000,https://image.hanssem.com/hsimg/gds/1050/788/788935_A1.jpg?v=20250908100847
1103566,식탁의자,라이트 체어 2P (일반형/패드형),69900,https://image.hanssem.com/hsimg/gds/1050/1103/1103566_A1.jpg?v=20250915132054
1050983,식탁의자,도노 어반 1800 벤치의자,805000,https://image.hanssem.com/hsimg/gds/1050/1050/1050983_A1.jpg?v=20240814144101
865079,식탁,도노 세라믹 어반 6인 식탁 (의자미포함),879000,https://image.hanssem.com/hsimg/gds/1050/865/865079_A1.jpg?v=20250627095802
1024471,식탁,투티 4인 낮은 식탁세트(스틸의자4 포함),758000,https://image.hanssem.com/hsimg/gds/1050/1024/1024471_A1.jpg?v=20250917141646
909709,식탁,도노 새틴글래스 엣지 4인 식탁세트 (슬림의자4 포함),769000,https://image.hanssem.com/hsimg/gds/1050/909/909709_A1.jpg?v=20250908100848
1064853,식탁,위드 세라믹 6인 식탁 1750(의자미포함),479000,https://image.hanssem.com/hsimg/gds/1050/1064/1064853_A1.jpg?v=20250908100848
1048589,식탁의자,1+1 모노 바체어 스마트패브릭,99000,https://image.hanssem.com/hsimg/gds/550/1048/1048589_A1.jpg?v=20250915132053
613227,주방수납장,키친온 리빙수납장 수납형 높은장 (2종/택1),459000,https://image.hanssem.com/hsimg/gds/1050/613/613227_A1.jpg?v=20250908100853
1119166,식탁의자,도무스 율리아 제니아 식탁의자,240000,https://image.hanssem.com/hsimg/gds/1050/1119/1119166_A1.jpg?v=20250917095320
1038780,"식탁, 식탁의자",라모 스틸 식탁의자 (2종/택1),145000,https://image.hanssem.com/hsimg/gds/1050/1038/1038780_A1.jpg?v=20241203092754
993557,식탁의자,바흐 801 스툴 의자,148000,https://image.hanssem.com/hsimg/gds/1050/993/993557_A1.jpg?v=20240805160040
993714,식탁,유로 603 일리스 내추럴 식탁 1600,1075000,https://image.hanssem.com/hsimg/gds/1050/993/993714_A1.jpg?v=20250211150117
1050988,식탁,"도노 어반 리빙다이닝 와이드4인 라운지세트 (180벤치, 코너벤치 포함)",2358000,https://image.hanssem.com/hsimg/gds/1050/1050/1050988_A1.jpg?v=20250627091915
928611,주방수납장,라임 주방수납 트롤리 55cm,175000,https://image.hanssem.com/hsimg/gds/1050/928/928611_A1.jpg?v=20250908100853
1064856,식탁,위드 세라믹 6인 식탁세트 1750(위드의자4포함),749000,https://image.hanssem.com/hsimg/gds/1050/1064/1064856_A1.jpg?v=20250911100014
823610,식탁,"포레 컴포트 6인 베이직세트 (벤치1,PP의자2 포함)",804000,https://image.hanssem.com/hsimg/gds/1050/823/823610_A1.jpg?v=20250908100848
617342,식탁,포레 원목 6인식탁(의자 미포함) DIY,185000,https://image.hanssem.com/hsimg/gds/1050/617/617342_A1.jpg?v=20250908100851
1038783,식탁,라모 스틸 세라믹 6인 식탁세트 (미나의자6 포함),1709000,https://image.hanssem.com/hsimg/gds/1050/1038/1038783_A1.jpg?v=20250808084916
891267,식탁,"(new시즌컬러)  포레 컴포트 6인 베이직세트 (벤치1, 원목의자2 포함)",864000,https://image.hanssem.com/hsimg/gds/1050/891/891267_A1.jpg?v=20250908100848
948299,식탁,미나 스테인리스 원형 4인 1000 식탁,525000,https://image.hanssem.com/hsimg/gds/1050/948/948299_A1.jpg?v=20250908100849
1061828,식탁,라모 원목 4인 세라믹 타원형식탁 1500 (의자미포함),1089000,https://image.hanssem.com/hsimg/gds/1050/1061/1061828_A1.jpg?v=20240708153955
788937,식탁의자,"도노 스칸디 식탁의자(2개입,2종/택1)",209000,https://image.hanssem.com/hsimg/gds/1050/788/788937_A1.jpg?v=20250205094905
1054794,식탁,도노 내추럴 세라믹 와이드4인 타원식탁세트 (컴피의자4 포함),937000,https://image.hanssem.com/hsimg/gds/1050/1054/1054794_A1.jpg?v=20250908100847
1118338,식탁,"리브업 모션 리빙다이닝 6인 라운지세트(180벤치, 90벤치, 코너벤치 포함)",2710000,https://image.hanssem.com/hsimg/gds/1050/1118/1118338_A1.jpg?v=20250926151207
1118341,식탁,리브업 모션 리빙다이닝 와이드4인 베이직세트(180벤치 포함),1810000,https://image.hanssem.com/hsimg/gds/1050/1118/1118341_A1.jpg?v=20250926151207
883388,주방수납장,모디 주방수납 틈새장 25/30cm (2종 택1),187980,https://image.hanssem.com/hsimg/gds/1050/883/883388_A1.jpg?v=20250911100014
1024472,식탁,"투티 4인 낮은 식탁세트(스틸의자2, 벤치1 포함)",648000,https://image.hanssem.com/hsimg/gds/1050/1024/1024472_A1.jpg?v=20250917141508
613223,주방수납장,키친온 렌지대 수납형 높은장 (2종/택1),406000,https://image.hanssem.com/hsimg/gds/1050/613/613223_A1.jpg?v=20250908100853
891264,식탁,"(new시즌컬러)  포레 컴포트 4인 베이직세트 (벤치1, 원목의자2 포함)",739000,https://image.hanssem.com/hsimg/gds/1050/891/891264_A1.jpg?v=20250908100848
705828,식탁,도노 세라믹 6인 식탁(의자미포함),559000,https://image.hanssem.com/hsimg/gds/1050/705/705828_A1.jpg?v=20250908100847
1082447,식탁,볼릭 세라믹 와이드4인 식탁 1600(의자 미포함),1139000,https://image.hanssem.com/hsimg/gds/1050/1082/1082447_A1.jpg?v=20250808095949
1060154,주방수납장,[특가~9/29]1+1 모로 3단 트롤리 화이트,35900,https://image.hanssem.com/hsimg/gds/550/1060/1060154_A1.jpg?v=20250915132053
1057909,식탁,우디 필로티 원목 식탁세트 4인 1400(우디의자4 포함),844000,https://image.hanssem.com/hsimg/gds/1050/1057/1057909_A1.jpg?v=20250908100851
1064858,식탁,위드 세라믹 와이드4인 식탁세트 1600(슬림의자4포함),719000,https://image.hanssem.com/hsimg/gds/1050/1064/1064858_A1.jpg?v=20250911100014
1050987,식탁,도노 어반 리빙다이닝 와이드4인 베이직세트 (180벤치 포함),1633000,https://image.hanssem.com/hsimg/gds/1050/1050/1050987_A1.jpg?v=20250627091427
185741,주방수납장,머그 아일랜드 주방수납장(의자 미포함),209000,https://image.hanssem.com/hsimg/gds/1050/185/185741_A1.jpg?v=20250908100853
1084736,식탁,위드 세라믹 와이드 4인 식탁세트 1600 (위드라운드의자4포함),839000,https://image.hanssem.com/hsimg/gds/1050/1084/1084736_A1.jpg?v=20250908100848
909235,식탁,도노 엣지 세라믹 식탁 6인용(의자미포함),689000,https://image.hanssem.com/hsimg/gds/1050/909/909235_A1.jpg?v=20250908100847
819872,"식탁, 식탁의자",포레 컴포트 2인 소파벤치세트 (식탁미포함),670000,https://image.hanssem.com/hsimg/gds/1050/819/819872_A1.jpg?v=20250908100849
1117455,식탁의자,ABS 다용도스툴(2종/택1),69900,https://image.hanssem.com/hsimg/gds/1050/1117/1117455_A1.jpg?v=20250919092902
920466,식탁,도노 어반 세라믹 식탁세트 와이드4인용(어반의자4 포함),1328000,https://image.hanssem.com/hsimg/gds/1050/920/920466_A1.jpg?v=20250627092325
992307,식탁의자,위든 식탁의자,109000,https://image.hanssem.com/hsimg/gds/1050/992/992307_A1.jpg?v=20250911100014
1084732,식탁의자,위드 라운드 식탁의자 2개입 (2종/택1),195000,https://image.hanssem.com/hsimg/gds/1050/1084/1084732_A1.jpg?v=20250908100848
1054790,식탁,도노 내추럴 세라믹 와이드4인 식탁세트 (스칸디의자2. 벤치1 포함),867000,https://image.hanssem.com/hsimg/gds/1050/1054/1054790_A1.jpg?v=20250908100847
1057910,식탁,우디 필로티 원목 식탁세트 4인 1400(어반의자4 포함),1373000,https://image.hanssem.com/hsimg/gds/1050/1057/1057910_A1.jpg?v=20240927135100
823615,식탁,포레 컴포트 4인 식탁세트 (PP의자4 포함),469000,https://image.hanssem.com/hsimg/gds/1050/823/823615_A1.jpg?v=20250908100848
923647,식탁,미나 스틸 반타원 2인 1000 식탁,229000,https://image.hanssem.com/hsimg/gds/1050/923/923647_A1.jpg?v=20250908100849
992774,식탁,바흐 701 인칸토 4인 세라믹 식탁 1350 고급형 (의자 미포함),1449000,https://image.hanssem.com/hsimg/gds/1050/992/992774_A1.jpg?v=20250901142843
1080063,식탁의자,[특가~9/29]PP 디자인 스툴 1+1 (3종/택1),39900,https://image.hanssem.com/hsimg/gds/550/1080/1080063_A1.jpg?v=20250915132052
1061830,식탁,라모 원목 6인 세라믹 타원형식탁 1750 (의자미포함),1139000,https://image.hanssem.com/hsimg/gds/1050/1061/1061830_A1.jpg?v=20240708153955
909233,식탁,[55딜]도노 엣지 세라믹 식탁 4인용(의자미포함),550000,https://image.hanssem.com/hsimg/gds/550/909/909233_A1.jpg?v=20250908100847
928605,주방수납장,라임 주방수납 단독하부장 80cm (2종 택1),258180,https://image.hanssem.com/hsimg/gds/1050/928/928605_A1.jpg?v=20250908100852
993753,식탁,유로 604 로쉬 식탁 1600,831000,https://image.hanssem.com/hsimg/gds/1050/993/993753_A1.jpg?v=20250221101103
1053439,식탁의자,(아울렛) 유로503 디아고 이노레더 식탁의자,67000,https://image.hanssem.com/hsimg/gds/550/1053/1053439_A1.jpg?v=20250923125637
819866,식탁,포레 컴포트 6인 식탁세트(원목의자4 포함),619000,https://image.hanssem.com/hsimg/gds/1050/819/819866_A1.jpg?v=20250908100848
819871,식탁,포레 컴포트 4인 식탁 (의자 미포함),259000,https://image.hanssem.com/hsimg/gds/1050/819/819871_A1.jpg?v=20250908100849
1082446,식탁,볼릭 세라믹 4인 식탁 1400(의자 미포함),1088000,https://image.hanssem.com/hsimg/gds/1050/1082/1082446_A1.jpg?v=20250808095949
823617,식탁의자,포레 컴포트 PP 식탁의자(2개입),105000,https://image.hanssem.com/hsimg/gds/1050/823/823617_A1.jpg?v=20250911100014
1057899,식탁,우디 슬릿 6인 1700식탁(의자 미포함),966000,https://image.hanssem.com/hsimg/gds/1050/1057/1057899_A1.jpg?v=20250226145238
1024463,식탁,투티 4인 낮은 식탁(의자미포함),318000,https://image.hanssem.com/hsimg/gds/1050/1024/1024463_A1.jpg?v=20250917142439
1118318,식탁의자,리브업 2520 라운지벤치 세트,1680000,https://image.hanssem.com/hsimg/gds/1050/1118/1118318_A1.jpg?v=20250926151207
1024709,식탁의자,블랑 체어/스툴 (4종/택1),32900,https://image.hanssem.com/hsimg/gds/550/1024/1024709_A1.jpg?v=20250915132053
1118340,식탁,"리브업 세라믹 모션 리빙다이닝 6인 라운지세트(180벤치, 90벤치, 코너벤치 포함)",3030000,https://image.hanssem.com/hsimg/gds/1050/1118/1118340_A1.jpg?v=20250926151207
993170,식탁의자,유로503 디아고 이노레더 암체어,125000,https://image.hanssem.com/hsimg/gds/1050/993/993170_A1.jpg?v=20240805154156
954678,주방수납장,라임 주방수납 가전수납장 80cm (와인잔걸이 미포함) (2종 택1),485160,https://image.hanssem.com/hsimg/gds/1050/954/954678_A1.jpg?v=20250908100853
1024465,식탁의자,투티 스틸 1인 식탁의자(2종/택1),110000,https://image.hanssem.com/hsimg/gds/1050/1024/1024465_A1.jpg?v=20250917142249
883384,주방수납장,모디 주방수납 하부장 100cm 수납형 (4종 택1),326820,https://image.hanssem.com/hsimg/gds/1050/883/883384_A1.jpg?v=20250908100852
425873,식탁의자,허드 가죽 체어(3종/택1),45900,https://image.hanssem.com/hsimg/gds/1050/425/425873_A1.jpg?v=20250915132053
883387,주방수납장,모디 주방수납 코너렌지대 85cm (2종 택1),519000,https://image.hanssem.com/hsimg/gds/1050/883/883387_A1.jpg?v=20250908100852
1053446,식탁의자,(아울렛) 미나 라운드 식탁의자(5종/택1),75000,https://image.hanssem.com/hsimg/gds/1050/1053/1053446_A1.jpg?v=20250923125637
943976,식탁,미나 내추럴 사각 4인 1400 식탁,305000,https://image.hanssem.com/hsimg/gds/1050/943/943976_A1.jpg?v=20250908100849
909273,식탁,도노 엣지 세라믹 식탁세트 6인용 (슬림의자4 포함),959000,https://image.hanssem.com/hsimg/gds/1050/909/909273_A1.jpg?v=20250911100014
993173,식탁,유로 503 디아고 세라믹 6인 스틸식탁 1800(의자 미포함),979000,https://image.hanssem.com/hsimg/gds/1050/993/993173_A1.jpg?v=20250901143248
1053444,식탁의자,(아울렛) 도노 컴피 식탁의자(2개입),163000,https://image.hanssem.com/hsimg/gds/550/1053/1053444_A1.jpg?v=20250923125637
999846,식탁,위든 와이드 4인 식탁 1350 (블랙/의자 미포함),359000,https://image.hanssem.com/hsimg/gds/1050/999/999846_A1.jpg?v=20250908100853
883386,주방수납장,모디 주방수납 렌지대 60cm (2종 택1),309000,https://image.hanssem.com/hsimg/gds/1050/883/883386_A1.jpg?v=20250911100014
392155,주방수납장,베리 라이트 아일랜드 식탁 수납형(2종/택1),398000,https://image.hanssem.com/hsimg/gds/1050/392/392155_A1.jpg?v=20250908100853
1001672,식탁의자,도노 컴피 식탁의자(2개입),199000,https://image.hanssem.com/hsimg/gds/1050/1001/1001672_A1.jpg?v=20250911100014
920135,식탁의자,모노 바체어 스마트패브릭 (화이트/그레이),49900,https://image.hanssem.com/hsimg/gds/550/920/920135_A1.jpg?v=20250915132053
1103567,식탁의자,라이트 체어 일반형 2P(2종/택1),69900,https://image.hanssem.com/hsimg/gds/1050/1103/1103567_A1.jpg?v=20250915132054
920465,식탁,도노 어반 세라믹 식탁세트 4인용(어반의자4 포함),1285000,https://image.hanssem.com/hsimg/gds/1050/920/920465_A1.jpg?v=20250626174012
1084737,식탁,위드 세라믹 6인 식탁세트 1750 (위드라운드의자4포함),869000,https://image.hanssem.com/hsimg/gds/1050/1084/1084737_A1.jpg?v=20250908100848
1118294,식탁,리브업 와이드 4인 모션 테이블 1600,980000,https://image.hanssem.com/hsimg/gds/1050/1118/1118294_A1.jpg?v=20250926151206
1001673,식탁,도노 내추럴 세라믹 4인 식탁세트(컴피 의자4 포함),907000,https://image.hanssem.com/hsimg/gds/1050/1001/1001673_A1.jpg?v=20250908100847
948297,식탁,미나 스테인리스 원형 2인 800 식탁,505000,https://image.hanssem.com/hsimg/gds/1050/948/948297_A1.jpg?v=20250908100849
1109148,식탁의자,(아울렛) 위드 라운드 식탁의자 2개입 (2종/택1),150000,https://image.hanssem.com/hsimg/gds/550/1109/1109148_A1.jpg?v=20250923125637
1024464,식탁,투티 6인 낮은 식탁(의자미포함),368000,https://image.hanssem.com/hsimg/gds/1050/1024/1024464_A1.jpg?v=20250917142347
993133,식탁의자,유로602 오슬로 암체어,126000,https://image.hanssem.com/hsimg/gds/1050/993/993133_A1.jpg?v=20250409080829
918055,식탁의자,도노 어반 식탁의자(4종/택1),125000,https://image.hanssem.com/hsimg/gds/1050/918/918055_A1.jpg?v=20240806092213
1118324,식탁,"리브업 모션 리빙다이닝 와이드4인 라운지세트(180벤치, 90벤치, 코너벤치 포함)",2660000,https://image.hanssem.com/hsimg/gds/1050/1118/1118324_A1.jpg?v=20250926151207
1061829,식탁,라모 원목 4인 세라믹 식탁 1600 (의자미포함),1119000,https://image.hanssem.com/hsimg/gds/1050/1061/1061829_A1.jpg?v=20240708153955
613229,주방수납장,[55딜]키친온 리빙수납장 테이블형 높은장 (2종/택1),550000,https://image.hanssem.com/hsimg/gds/1050/613/613229_A1.jpg?v=20250908100853
270346,식탁,로하 원목 4인식탁(의자 미포함) DIY,159000,https://image.hanssem.com/hsimg/gds/1050/270/270346_A1.jpg?v=20250908100851
993752,식탁,유로 604 로쉬 식탁 1200,738000,https://image.hanssem.com/hsimg/gds/1050/993/993752_A1.jpg?v=20250221100957
819865,식탁,"포레 컴포트 6인 베이직세트 (벤치1,원목의자2 포함)",864000,https://image.hanssem.com/hsimg/gds/1050/819/819865_A1.jpg?v=20250908100848
1057902,식탁,우디 필로티 원목식탁 4인 1400(의자 미포함),488000,https://image.hanssem.com/hsimg/gds/1050/1057/1057902_A1.jpg?v=20250908100850
923654,식탁,미나 스틸 분절사각 6인 1800 식탁,359000,https://image.hanssem.com/hsimg/gds/1050/923/923654_A1.jpg?v=20250908100849
1061831,식탁의자,라모 원목 스퀘어 식탁의자,197000,https://image.hanssem.com/hsimg/gds/1050/1061/1061831_A1.jpg?v=20241218153348
909271,식탁,도노 엣지 세라믹 식탁세트 4인용 (슬림의자4 포함),860000,https://image.hanssem.com/hsimg/gds/1050/909/909271_A1.jpg?v=20250908100848
1118344,식탁,리브업 세라믹 모션 리빙다이닝 6인 베이직세트(180벤치 포함),2180000,https://image.hanssem.com/hsimg/gds/1050/1118/1118344_A1.jpg?v=20250926151207
992727,식탁의자,밀란 302 메이 식탁의자 라운드,109000,https://image.hanssem.com/hsimg/gds/1050/992/992727_A1.jpg?v=20240805151507
993680,식탁의자,밴드 식탁의자 세이지그레이 2개입 PKG,230000,https://image.hanssem.com/hsimg/gds/1050/993/993680_A1.jpg?v=20250213141212
923644,식탁,미나 스틸 원형 2인 800 식탁,219000,https://image.hanssem.com/hsimg/gds/1050/923/923644_A1.jpg?v=20250908100849
920467,식탁,도노 어반 세라믹 식탁세트 6인용(어반의자4 포함),1379000,https://image.hanssem.com/hsimg/gds/1050/920/920467_A1.jpg?v=20250627095111
992775,식탁,바흐 701 인칸토 6인 세라믹 식탁 1800 고급형 (의자 미포함),1949000,https://image.hanssem.com/hsimg/gds/1050/992/992775_A1.jpg?v=20250901142843
948302,식탁,미나 스테인리스 사각 4인 1400 식탁,565000,https://image.hanssem.com/hsimg/gds/1050/948/948302_A1.jpg?v=20250908100849
923648,식탁,미나 스틸 사각 4인 1200 식탁,249000,https://image.hanssem.com/hsimg/gds/1050/923/923648_A1.jpg?v=20250908100849
1114006,식탁,라모 스틸 6인 세라믹 둥근사각형식탁 1750 (의자미포함),875000,https://image.hanssem.com/hsimg/gds/1050/1114/1114006_A1.jpg?v=20250909091351
891268,식탁,"(new시즌컬러)  포레 컴포트 6인 라운지세트 (벤치1, 코너벤치1, 원목의자2 포함)",1219000,https://image.hanssem.com/hsimg/gds/1050/891/891268_A1.jpg?v=20250908100848
788932,식탁,"도노 세라믹 식탁세트 스칸디 4인용(의자2,벤치1 포함)",837000,https://image.hanssem.com/hsimg/gds/1050/788/788932_A1.jpg?v=20250908100847
1038775,식탁,라모 스틸 4인 세라믹 둥근사각형식탁 1600 (의자미포함),835000,https://image.hanssem.com/hsimg/gds/1050/1038/1038775_A1.jpg?v=20250808095949
891270,식탁,"(new시즌컬러)  포레 컴포트 4인 베이직세트 (벤치1, PP의자2 포함)",679000,https://image.hanssem.com/hsimg/gds/1050/891/891270_A1.jpg?v=20250908100848
883385,주방수납장,모디 주방수납 팬트리장 60cm (6종 택1),319550,https://image.hanssem.com/hsimg/gds/1050/883/883385_A1.jpg?v=20250911100014
1068560,식탁의자,[특가~9/29]PP 디자인 스툴(3종/택1),19900,https://image.hanssem.com/hsimg/gds/1050/1068/1068560_A1.jpg?v=20250915132054
1064854,식탁,위드 세라믹 4인 식탁세트 1400(위드의자4포함),689000,https://image.hanssem.com/hsimg/gds/1050/1064/1064854_A1.jpg?v=20250908100848
1054793,식탁,도노 내추럴 세라믹 와이드4인 타원식탁세트 (스칸디의자4 포함),937000,https://image.hanssem.com/hsimg/gds/1050/1054/1054793_A1.jpg?v=20250908100847
1057912,식탁,우디 필로티 원목 식탁세트 6인 1700(어반의자4 포함),1473000,https://image.hanssem.com/hsimg/gds/1050/1057/1057912_A1.jpg?v=20240927135100
883389,주방수납장,모디 주방수납 아일랜드식탁 120cm (2종 택1),419000,https://image.hanssem.com/hsimg/gds/1050/883/883389_A1.jpg?v=20250908100852
992773,식탁,바흐 701 인칸토 6인 세라믹 식탁 1800 일반형 (의자 미포함),1433000,https://image.hanssem.com/hsimg/gds/1050/992/992773_A1.jpg?v=20250901142843
1024474,식탁,투티 6인 낮은 식탁세트(스틸의자4 포함),808000,https://image.hanssem.com/hsimg/gds/1050/1024/1024474_A1.jpg?v=20250908100850
613228,주방수납장,키친온 리빙수납장 테이블형 낮은장(2종/택1),609000,https://image.hanssem.com/hsimg/gds/1050/613/613228_A1.jpg?v=20250908100853
891271,식탁,"(new시즌컬러)  포레 컴포트 4인 라운지세트 (벤치1, 코너벤치1, PP의자2 포함)",1034000,https://image.hanssem.com/hsimg/gds/1050/891/891271_A1.jpg?v=20250908100848
993756,식탁의자,유로 604 로쉬 오트밀 라운지 코너벤치  1600,784000,https://image.hanssem.com/hsimg/gds/1050/993/993756_A1.jpg?v=20250221102342
819864,식탁,"[특가~9/29]포레 컴포트 6인 라운지세트 (벤치1, 코너벤치1, 원목의자2 포함)",1178000,https://image.hanssem.com/hsimg/gds/1050/819/819864_A1.jpg?v=20250908100848
909272,식탁,도노 엣지 세라믹 식탁세트 와이드4인용 (슬림의자4 포함),920000,https://image.hanssem.com/hsimg/gds/1050/909/909272_A1.jpg?v=20250908100848
613222,주방수납장,키친온 렌지대 수납형 낮은장(2종/택1),306000,https://image.hanssem.com/hsimg/gds/1050/613/613222_A1.jpg?v=20250908100853
819870,식탁,포레 컴포트 6인 식탁 (의자 미포함),289000,https://image.hanssem.com/hsimg/gds/1050/819/819870_A1.jpg?v=20250911100014
928547,식탁,미나 테이블부착형 2구 콘센트,29000,https://image.hanssem.com/hsimg/gds/1050/928/928547_A1.jpg?v=20250205094903
943979,식탁,미나 내추럴 분절사각 6인 1600 식탁,349000,https://image.hanssem.com/hsimg/gds/1050/943/943979_A1.jpg?v=20250908100849
1118305,식탁의자,리브업 900 벤치의자,380000,https://image.hanssem.com/hsimg/gds/1050/1118/1118305_A1.jpg?v=20250926151206
1038778,식탁,라모 스틸 6인 세라믹 타원형식탁 1750 (의자미포함),875000,https://image.hanssem.com/hsimg/gds/1050/1038/1038778_A1.jpg?v=20250808095949
993715,식탁,유로 603 일리스 내추럴 식탁 2000,1194000,https://image.hanssem.com/hsimg/gds/1050/993/993715_A1.jpg?v=20250221095532
819877,식탁의자,포레 컴포트 원목 식탁의자(2개입),165000,https://image.hanssem.com/hsimg/gds/1050/819/819877_A1.jpg?v=20250908100849
1057915,식탁,우디 필로티 화이트 식탁세트 6인 1700(우디의자4 포함),774000,https://image.hanssem.com/hsimg/gds/1050/1057/1057915_A1.jpg?v=20250908100851
